id,title,year,source,doi,db,se_area,se_task,cv_technique,platform,rationale,artifact_type,eval_method,challenges,reason
1056,Artificial intelligence in automated system for web-interfaces visual testing,2020,CEUR Workshop Proceedings,,Scopus,Testing,Visual GUI testing,Deep Learning / Neural Network,Web,Context-driven,Full-interface,Accuracy metrics,Requires large labeled training data; Dynamic web content and cross-browser rendering differences,AI-based visual testing of web interfaces
957,Automated mobile apps testing from visual perspective,2020,ISSTA 2020 - Proceedings of the 29th ACM SIGSOFT International Symposium on Software Testing and Analysis,10.1145/3395363.3402644,Scopus,Testing,Automated mobile app testing,Template Matching / Feature Matching; Deep Learning / Neural Network,Mobile,Context-driven,Full-interface,Accuracy metrics,"Requires large labeled training data; Sensitivity to resolution, scale, and visual changes; High false positive rate with similar-looking widgets",Visual testing of mobile apps (ISSTA)
1032,CSEFuzz: Fuzz testing based on symbolic execution,2020,IEEE Access,10.1109/ACCESS.2020.3030798,Scopus,Testing,Fuzz testing,Other: Symbolic execution + screenshot,General,Context-driven,Full-interface,Accuracy metrics,Scalability to large and diverse application corpora; Limited ground truth data for evaluation,Sketch-to-code via CV for UI prototyping
1496,Design of an Automatic Testing System for Camera UI Test,2020,2020 39th Chinese Control Conference (CCC),10.23919/CCC50068.2020.9189199,IEEE Xplore,Testing,Camera UI test automation,Image Differencing; OCR,General,Context-driven,Full-interface,Accuracy metrics,"Distinguishing meaningful visual changes from cosmetic ones; Dynamic content (ads, animations) causes false positives; Low accuracy on stylized fonts, icons with embedded text",Camera UI test automation system
715,Eye of the Mind: Image Processing for Social Coding,2020,"Proceedings - 2020 ACM/IEEE 42nd International Conference on Software Engineering: New Ideas and Emerging Results, ICSE-NIER 2020",10.1145/3377816.3381723,Scopus,Maintenance,Image-based social coding analysis,Deep Learning / Neural Network,General,Context-driven,Full-interface,Accuracy metrics,Scalability to large and diverse application corpora; Limited ground truth data for evaluation,Image processing for social coding (ICSE-NIER)
1010,HTML Atomic UI Elements Extraction from Hand-Drawn Website Images using Mask-RCNN and novel Multi-Pass Inference Technique,2020,CEUR Workshop Proceedings,,Scopus,Development,UI element extraction from sketches,Deep Learning / Neural Network,Web,Context-driven,Natural input; Full-interface,Accuracy metrics,Dynamic web content and cross-browser rendering differences,HTML UI extraction from hand-drawn images using Mask-RCNN
2754,Integrating Traversal and Visual-based Techniques to Initiate UI Exploration Scripting,2020,Proceedings of the 2020 the 3rd International Conference on Computers in Management and Business,10.1145/3383845.3383890,ACM DL,Testing,GUI exploration scripting,Image Differencing; Template Matching / Feature Matching,General,Context-driven,Full-interface,Accuracy metrics,"Sensitivity to resolution, scale, and visual changes; High false positive rate with similar-looking widgets; Distinguishing meaningful visual changes from cosmetic ones",Visual+traversal UI exploration scripting
532,Interpreting cloud computer vision pain-points: A mining study of stack overflow,2020,Proceedings - International Conference on Software Engineering,10.1145/3377811.3380404,Scopus,Maintenance,Mining CV pain-points from Stack Overflow,Other: Mining / NLP,General,Context-driven,Full-interface,Accuracy metrics,Scalability to large and diverse application corpora; Limited ground truth data for evaluation,Mining Stack Overflow for cloud CV pain-points (ICSE)
1717,Near-Duplicate Detection in Web App Model Inference,2020,2020 IEEE/ACM 42nd International Conference on Software Engineering (ICSE),,IEEE Xplore,Maintenance,Near-duplicate detection in web app models,Image Differencing; Probability Distribution Distance,Mobile; Web,Context-driven,Full-interface,Accuracy metrics,"Distinguishing meaningful visual changes from cosmetic ones; Dynamic content (ads, animations) causes false positives; Distinguishing near-duplicate from genuinely different reports",Near-duplicate detection in web app model inference (ICSE)
772,Object detection for graphical user interface: Old fashioned or deep learning or a combination?,2020,ESEC/FSE 2020 - Proceedings of the 28th ACM Joint Meeting European Software Engineering Conference and Symposium on the Foundations of Software Engineering,10.1145/3368089.3409691,Scopus,Testing,GUI object detection,Deep Learning / Neural Network; Color / Spatial Transformation,General,Context-driven,Full-interface,Accuracy metrics,Scalability to large and diverse application corpora; Limited ground truth data for evaluation,Object detection for GUI: old fashioned vs deep learning (FSE)
766,RoScript: A visual script driven truly non-intrusive robotic testing system for touch screen applications,2020,Proceedings - International Conference on Software Engineering,10.1145/3377811.3380431,Scopus,Testing,Robotic GUI testing,Deep Learning / Neural Network; Template Matching / Feature Matching,General,Context-driven; Ease of use,Full-interface,Accuracy metrics,"Requires large labeled training data; Sensitivity to resolution, scale, and visual changes; High false positive rate with similar-looking widgets",RoScript: visual script robotic testing for touchscreen apps (ICSE)
744,STIFA: Crowdsourced Mobile Testing Report Selection Based on Text and Image Fusion Analysis,2020,"Proceedings - 2020 35th IEEE/ACM International Conference on Automated Software Engineering, ASE 2020",10.1145/3324884.3415300,Scopus,Testing,Crowdsourced test report prioritization,Deep Learning / Neural Network,Mobile,Context-driven,Full-interface,Accuracy metrics,Requires large labeled training data; Device and OS fragmentation,STIFA: crowdsourced mobile testing with image+text fusion (ASE)
589,Seenomaly: Vision-based linting of gui animation effects against design-don't guidelines,2020,Proceedings - International Conference on Software Engineering,10.1145/3377811.3380411,Scopus,Testing,GUI animation linting,Deep Learning / Neural Network,General,Context-driven,Temporal,Accuracy metrics,Subjectivity in design quality assessment,Seenomaly: vision-based linting of GUI animation effects (ICSE)
823,Towards learning visual semantics,2020,ESEC/FSE 2020 - Proceedings of the 28th ACM Joint Meeting European Software Engineering Conference and Symposium on the Foundations of Software Engineering,10.1145/3368089.3417040,Scopus,Design,Visual semantic learning for UI,Deep Learning / Neural Network; Representation Learning / Embedding,General,Context-driven,Full-interface,Accuracy metrics,Scalability to large and diverse application corpora; Limited ground truth data for evaluation,Towards learning visual semantics for SE (FSE)
2690,Translating video recordings of mobile app usages into replayable scenarios,2020,Proceedings of the ACM/IEEE 42nd International Conference on Software Engineering,10.1145/3377811.3380328,ACM DL,Testing,Video-to-replayable-scenario conversion,Deep Learning / Neural Network; Other: Video analysis,Mobile,Context-driven,Temporal,Accuracy metrics,Fragility to GUI evolution and app updates; Computational cost of video processing at scale; Synchronization of visual and interaction event streams,Translating video of mobile app usages to replayable scenarios (ICSE)
825,UIED: A hybrid tool for GUI element detection,2020,ESEC/FSE 2020 - Proceedings of the 28th ACM Joint Meeting European Software Engineering Conference and Symposium on the Foundations of Software Engineering,10.1145/3368089.3417940,Scopus,Testing,GUI element detection,Deep Learning / Neural Network; Color / Spatial Transformation,General,Context-driven,Localized,Accuracy metrics,Scalability to large and diverse application corpora; Limited ground truth data for evaluation,UIED: hybrid tool for GUI element detection (FSE)
773,Visual Sketching: From Image Sketches to Code,2020,"Proceedings - 2020 ACM/IEEE 42nd International Conference on Software Engineering: New Ideas and Emerging Results, ICSE-NIER 2020",10.1145/3377816.3381745,Scopus,Development,Sketch-to-code generation,Deep Learning / Neural Network; Color / Spatial Transformation,General,Context-driven,Natural input,Accuracy metrics,Handling complex layout hierarchies and custom widgets; Generated code quality and maintainability,Visual Sketching: image sketches to code (ICSE-NIER)
636,Wireframe-based UI Design Search through Image Autoencoder,2020,ACM Transactions on Software Engineering and Methodology,10.1145/3391613,Scopus,Design,Wireframe-based UI design search,Representation Learning / Embedding,General,Context-driven,Full-interface,Accuracy metrics,Handling complex layout hierarchies and custom widgets; Generated code quality and maintainability,Wireframe-based UI design search through image autoencoder (TOSEM)
582,A Novel approach of GUI Mapping with image based widget detection and classification,2021,"Proceedings of 2021 2nd International Conference on Intelligent Engineering and Management, ICIEM 2021",10.1109/ICIEM51511.2021.9445281,Scopus,Testing,GUI element detection and mapping,Deep Learning / Neural Network,General,Context-driven,Localized; Full-interface,Accuracy metrics,Scalability to large and diverse application corpora; Limited ground truth data for evaluation,GUI mapping with image-based widget detection
797,A framework for the automation of testing computer vision systems,2021,"Proceedings - 2021 IEEE/ACM International Conference on Automation of Software Test, AST 2021",10.1109/AST52587.2021.00023,Scopus,Testing,Testing of CV systems,Other: Metamorphic testing,General,Context-driven,Full-interface,Accuracy metrics,Scalability to large and diverse application corpora; Limited ground truth data for evaluation,Framework for automation of testing CV systems (AST)
2712,A replication package for it takes two to tango: combining visual and textual information for detecting duplicate video-based bug reports,2021,Proceedings of the 43rd International Conference on Software Engineering: Companion Proceedings,10.1109/icse-companion52605.2021.00067,ACM DL,Testing,Duplicate video bug report detection,Deep Learning / Neural Network; Other: Text+image fusion,General,Context-driven,Temporal,Accuracy metrics,Ambiguous or incomplete visual context in bug recordings; Mapping recorded actions to current GUI state; Distinguishing near-duplicate from genuinely different reports,Visual+textual duplicate video bug reports (ICSE companion)
935,Automated game testing using computer vision methods,2021,"Proceedings - 2021 36th IEEE/ACM International Conference on Automated Software Engineering Workshops, ASEW 2021",10.1109/ASEW52652.2021.00024,Scopus,Testing,Automated game testing,Deep Learning / Neural Network; Template Matching / Feature Matching,Game,Context-driven,Full-interface,Accuracy metrics,"Requires large labeled training data; Sensitivity to resolution, scale, and visual changes; High false positive rate with similar-looking widgets",Automated game testing using CV methods (ASE workshop)
1205,Classification of UML Diagrams to Support Software Engineering Education,2021,2021 36th IEEE/ACM International Conference on Automated Software Engineering Workshops (ASEW),10.1109/ASEW52652.2021.00030,IEEE Xplore,Requirements,UML diagram classification,Deep Learning / Neural Network,General,Context-driven,Full-interface,Accuracy metrics,Scalability to large and diverse application corpora; Limited ground truth data for evaluation,Classification of UML diagrams to support SE education (ASE workshop)
2794,GLIB: towards automated test oracle for graphically-rich applications,2021,Proceedings of the 29th ACM Joint Meeting on European Software Engineering Conference and Symposium on the Foundations of Software Engineering,10.1145/3468264.3468586,ACM DL,Testing,Test oracle generation for graphical apps,Deep Learning / Neural Network,General,Context-driven,Full-interface,Accuracy metrics,Requires large labeled training data,GLIB: automated test oracle for graphically-rich apps (FSE)
2678,GUIDER: GUI structure and vision co-guided test script repair for Android apps,2021,Proceedings of the 30th ACM SIGSOFT International Symposium on Software Testing and Analysis,10.1145/3460319.3464830,ACM DL,Testing,Test script repair,Deep Learning / Neural Network; Template Matching / Feature Matching,Mobile,Context-driven; Robustness,Full-interface,Accuracy metrics,"Requires large labeled training data; Sensitivity to resolution, scale, and visual changes; High false positive rate with similar-looking widgets",GUIDER: GUI vision+structure co-guided test script repair (ISSTA)
611,Image-based Bug Oracle Automation for Bug Report Reproduction Using Wt Detection,2021,"2021 IEEE International Conference on Software Engineering and Artificial Intelligence, SEAI 2021",10.1109/SEAI52285.2021.9477528,Scopus,Testing,Bug oracle for bug report reproduction,Deep Learning / Neural Network; Image Differencing,General,Context-driven,Full-interface,Industrial evaluation,"Distinguishing meaningful visual changes from cosmetic ones; Dynamic content (ads, animations) causes false positives; Ambiguous or incomplete visual context in bug recordings",Image-based bug oracle for bug report reproduction
2748,It Takes Two to Tango: Combining Visual and Textual Information for Detecting Duplicate Video-Based Bug Reports,2021,Proceedings of the 43rd International Conference on Software Engineering,10.1109/icse43902.2021.00091,ACM DL,Testing,Duplicate video bug report detection,Deep Learning / Neural Network; Other: Text+image fusion,General,Context-driven,Temporal,Accuracy metrics,Ambiguous or incomplete visual context in bug recordings; Mapping recorded actions to current GUI state; Distinguishing near-duplicate from genuinely different reports,It Takes Two to Tango: visual+textual duplicate video bug reports (ICSE)
1779,Layout and Image Recognition Driving Cross-Platform Automated Mobile Testing,2021,2021 IEEE/ACM 43rd International Conference on Software Engineering (ICSE),10.1109/ICSE43902.2021.00139,IEEE Xplore,Testing,Cross-platform mobile testing,Deep Learning / Neural Network; OCR,Mobile,Context-driven; Ease of use,Full-interface,Accuracy metrics,"Requires large labeled training data; Generalization across platforms and screen resolutions; Low accuracy on stylized fonts, icons with embedded text",Layout+image recognition for cross-platform mobile testing (ICSE)
1760,Prioritize Crowdsourced Test Reports via Deep Screenshot Understanding,2021,2021 IEEE/ACM 43rd International Conference on Software Engineering (ICSE),10.1109/ICSE43902.2021.00090,IEEE Xplore,Testing,Crowdsourced test report prioritization,Deep Learning / Neural Network,General,Context-driven,Full-interface,Accuracy metrics,Requires large labeled training data,Prioritize crowdsourced test reports via screenshot understanding (ICSE)
785,Robust UI Automation Using Deep Learning and Optical Character Recognition (OCR),2021,Advances in Intelligent Systems and Computing,10.1007/978-981-15-7234-0_4,Scopus,Testing,UI test automation,Deep Learning / Neural Network; OCR,General,Robustness,Full-interface,Accuracy metrics,"Requires large labeled training data; Low accuracy on stylized fonts, icons with embedded text; Language and locale variability",Robust UI automation using deep learning and OCR
2759,Semantic matching of GUI events for test reuse: are we there yet?,2021,Proceedings of the 30th ACM SIGSOFT International Symposium on Software Testing and Analysis,10.1145/3460319.3464827,ACM DL,Testing,GUI event matching for test reuse,Deep Learning / Neural Network; Representation Learning / Embedding,General,Context-driven,Full-interface,Accuracy metrics,Requires large labeled training data,Semantic matching of GUI events for test reuse (ISSTA)
874,Test automation with grad-CAM Heatmaps - A future pipe segment in MLOps for Vision AI?,2021,"Proceedings - 2021 IEEE 14th International Conference on Software Testing, Verification and Validation Workshops, ICSTW 2021",10.1109/ICSTW52544.2021.00039,Scopus,Testing,Test automation with Grad-CAM heatmaps,Deep Learning / Neural Network,General,Context-driven,Full-interface,Accuracy metrics,Requires large labeled training data,Test automation with Grad-CAM heatmaps for Vision AI (ICST)
567,Web Components Template Generation from Web Screenshot,2021,ACM International Conference Proceeding Series,10.1145/3468784.3468787,Scopus,Development,Web component generation from screenshot,Deep Learning / Neural Network; OCR,Web,Context-driven,Full-interface,Accuracy metrics,"Low accuracy on stylized fonts, icons with embedded text; Language and locale variability; Dynamic web content and cross-browser rendering differences",Web components template generation from web screenshot
1248,WebEvo: Taming Web Application Evolution via Semantic Structure Change Detection,2021,2021 IEEE/ACM 43rd International Conference on Software Engineering: Companion Proceedings (ICSE-Companion),10.1109/ICSE-Companion52605.2021.00060,IEEE Xplore,Maintenance,Web app evolution detection,Image Differencing; Deep Learning / Neural Network,Web,Robustness,Full-interface,Accuracy metrics,"Fragility to GUI evolution and app updates; Distinguishing meaningful visual changes from cosmetic ones; Dynamic content (ads, animations) causes false positives",WebEvo: semantic structure change detection for web app evolution
543,WebEvo: Taming web application evolution via detecting semantic structure changes,2021,ISSTA 2021 - Proceedings of the 30th ACM SIGSOFT International Symposium on Software Testing and Analysis,10.1145/3460319.3464800,Scopus,Maintenance,Web app evolution detection,Image Differencing; Deep Learning / Neural Network,Web,Robustness,Full-interface,Accuracy metrics,"Fragility to GUI evolution and app updates; Distinguishing meaningful visual changes from cosmetic ones; Dynamic content (ads, animations) causes false positives",WebEvo: taming web app evolution via semantic structure changes (ISSTA)
879,An Approach to GUI Test Scenario Generation Using Machine Learning,2022,"Proceedings - 4th IEEE International Conference on Artificial Intelligence Testing, AITest 2022",10.1109/AITest55621.2022.00020,Scopus,Testing,GUI test scenario generation,Deep Learning / Neural Network,General,Context-driven,Full-interface,Accuracy metrics,Requires large labeled training data,GUI test scenario generation using machine learning (AITest)
649,Application of Machine Learning for GUI Test Automation,2022,"2022 28th International Conference on Information, Communication and Automation Technologies, ICAT 2022 - Proceedings",10.1109/ICAT54566.2022.9811187,Scopus,Testing,GUI test automation,Deep Learning / Neural Network,General,Context-driven,Full-interface,Accuracy metrics,Requires large labeled training data,Application of ML for GUI test automation
2417,Automated visual testing for mobile apps in an industrial seting,2022,Proceedings of the 44th International Conference on Software Engineering: Software Engineering in Practice,10.1145/3510457.3513027,ACM DL,Testing,Industrial mobile visual testing,Deep Learning / Neural Network; Image Differencing,Mobile,Context-driven,Full-interface,Industrial evaluation,"Requires large labeled training data; Distinguishing meaningful visual changes from cosmetic ones; Dynamic content (ads, animations) causes false positives",Automated visual testing for mobile apps industrial setting (ICSE-SEIP)
713,Automatic Code Generation From Low Fidelity Graphical User Interface Sketches Using Deep Learning,2022,"2022 International Conference on Information and Communication Technology for Development for Africa, ICT4DA 2022",10.1109/ICT4DA56482.2022.9971204,Scopus,Development,Low-fidelity sketch-to-code generation,Deep Learning / Neural Network,General,Context-driven,Natural input,Accuracy metrics,Handling complex layout hierarchies and custom widgets; Generated code quality and maintainability,Automatic code generation from low-fidelity GUI sketches
755,Automatically recognizing the semantic elements from UML class diagram images,2022,Journal of Systems and Software,10.1016/j.jss.2022.111431,Scopus,Requirements,UML class diagram element recognition,Deep Learning / Neural Network,General,Context-driven,Full-interface,Accuracy metrics,Scalability to large and diverse application corpora; Limited ground truth data for evaluation,Automatically recognizing semantic elements from UML class diagram images (JSS)
2926,Avgust: automating usage-based test generation from videos of app executions,2022,Proceedings of the 30th ACM Joint European Software Engineering Conference and Symposium on the Foundations of Software Engineering,10.1145/3540250.3549134,ACM DL,Testing,Usage-based test generation from videos,Deep Learning / Neural Network; Other: Video analysis,Mobile,Context-driven,Temporal,Accuracy metrics,Requires large labeled training data; Computational cost of video processing at scale; Synchronization of visual and interaction event streams,Avgust: usage-based test generation from app execution videos (FSE)
2547,CLIP meets GamePhysics: towards bug identification in gameplay videos using zero-shot transfer learning,2022,Proceedings of the 19th International Conference on Mining Software Repositories,10.1145/3524842.3528438,ACM DL,Testing,Bug identification in gameplay videos,Deep Learning / Neural Network,Game,Context-driven,Temporal,Accuracy metrics,Computational cost of video processing at scale; Synchronization of visual and interaction event streams; High visual complexity and dynamic game states,CLIP meets GamePhysics: bug identification in gameplay videos (MSR)
1571,Cross-Device Difference Detector for Mobile Application GUI Compatibility Testing,2022,"2022 IEEE International Conference on Software Testing, Verification and Validation Workshops (ICSTW)",10.1109/ICSTW55395.2022.00052,IEEE Xplore,Testing,Cross-device GUI compatibility testing,Image Differencing; Deep Learning / Neural Network,Mobile,Context-driven,Full-interface,Accuracy metrics,Requires large labeled training data; Generalization across platforms and screen resolutions; Distinguishing meaningful visual changes from cosmetic ones,Cross-device difference detector for mobile GUI compatibility (ICST)
2593,Cross-device record and replay for Android apps,2022,Proceedings of the 30th ACM Joint European Software Engineering Conference and Symposium on the Foundations of Software Engineering,10.1145/3540250.3549083,ACM DL,Testing,Cross-device record and replay,Deep Learning / Neural Network; Image Differencing,Mobile,Context-driven,Temporal,Accuracy metrics,"Generalization across platforms and screen resolutions; Distinguishing meaningful visual changes from cosmetic ones; Dynamic content (ads, animations) causes false positives",Cross-device record and replay for Android apps (FSE)
710,GIFdroid: An Automated Light-weight Tool for Replaying Visual Bug Reports,2022,Proceedings - International Conference on Software Engineering,10.1109/ICSE-Companion55297.2022.9793742,Scopus,Testing,Visual bug report replay,Deep Learning / Neural Network; Other: Video analysis,General,Context-driven,Temporal,Accuracy metrics,Ambiguous or incomplete visual context in bug recordings; Mapping recorded actions to current GUI state,GIFdroid: automated replay of visual bug reports (ICSE)
989,GIFdroid: Automated Replay of Visual Bug Reports for Android Apps,2022,Proceedings - International Conference on Software Engineering,10.1145/3510003.3510048,Scopus,Testing,Visual bug report replay,Deep Learning / Neural Network; Other: Video analysis,Mobile,Context-driven,Temporal,Accuracy metrics,Ambiguous or incomplete visual context in bug recordings; Mapping recorded actions to current GUI state; Device and OS fragmentation,GIFdroid: automated replay of visual bug reports Android (ICSE)
632,GUI-Guided Test Script Repair for Mobile Apps,2022,IEEE Transactions on Software Engineering,10.1109/TSE.2020.3007664,Scopus,Testing,Test script repair for mobile apps,Deep Learning / Neural Network; Template Matching / Feature Matching,Mobile,Context-driven; Robustness,Full-interface,Accuracy metrics,"Requires large labeled training data; Sensitivity to resolution, scale, and visual changes; High false positive rate with similar-looking widgets",GUI-guided test script repair for mobile apps (TSE)
548,Gallery D.C.: Auto-created GUI Component Gallery for Design Search and Knowledge Discovery,2022,Proceedings - International Conference on Software Engineering,10.1109/ICSE-Companion55297.2022.9793764,Scopus,Design,GUI component gallery for design search,Deep Learning / Neural Network; Representation Learning / Embedding,General,Context-driven,Full-interface,Accuracy metrics,Scalability to large and diverse application corpora; Limited ground truth data for evaluation,Gallery D.C.: GUI component gallery for design search (ICSE)
2649,Gallery D.C: auto-created GUI component gallery for design search and knowledge discovery,2022,Proceedings of the ACM/IEEE 44th International Conference on Software Engineering: Companion Proceedings,10.1145/3510454.3516873,ACM DL,Design,GUI component gallery for design search,Deep Learning / Neural Network; Representation Learning / Embedding,General,Context-driven,Full-interface,Accuracy metrics,Scalability to large and diverse application corpora; Limited ground truth data for evaluation,Gallery D.C.: GUI component gallery design search (ICSE companion)
619,"If a Human Can See It, So Should Your System: Reliability Requirements for Machine Vision Components",2022,Proceedings - International Conference on Software Engineering,10.1145/3510003.3510109,Scopus,Testing,Reliability requirements for machine vision,Deep Learning / Neural Network,General,Context-driven,Full-interface,Accuracy metrics,Scalability to large and diverse application corpora; Limited ground truth data for evaluation,Reliability requirements for machine vision components in SE (ICSE)
510,Intelligent Software Testing based on Visual Feedback,2022,"Proceedings - 2022 9th International Conference on Dependable Systems and Their Applications, DSA 2022",10.1109/DSA56465.2022.00109,Scopus,Testing,GUI testing with visual feedback,Deep Learning / Neural Network; Image Differencing,General,Context-driven,Full-interface,Accuracy metrics,"Requires large labeled training data; Distinguishing meaningful visual changes from cosmetic ones; Dynamic content (ads, animations) causes false positives",Intelligent software testing based on visual feedback
610,Making DelProctor Proctoring Applications Using OpenCV,2022,ICOSNIKOM 2022 - 2022 IEEE International Conference of Computer Science and Information Technology: Boundary Free: Preparing Indonesia for Metaverse Society,10.1109/ICOSNIKOM56551.2022.10034915,Scopus,Testing,Proctoring application testing,Color / Spatial Transformation; Other: OpenCV,General,Context-driven,Full-interface,Accuracy metrics,Scalability to large and diverse application corpora; Limited ground truth data for evaluation,Proctoring application using OpenCV
833,Optical Character Recognition for Test Automation Using LabVIEW,2022,Lecture Notes on Data Engineering and Communications Technologies,10.1007/978-981-16-6605-6_36,Scopus,Testing,OCR-based test automation,OCR,General,Context-driven,Full-interface,Accuracy metrics,"Low accuracy on stylized fonts, icons with embedded text; Language and locale variability",OCR for test automation using LabVIEW
2610,"Psychologically-inspired, unsupervised inference of perceptual groups of GUI widgets from GUI images",2022,Proceedings of the 30th ACM Joint European Software Engineering Conference and Symposium on the Foundations of Software Engineering,10.1145/3540250.3549138,ACM DL,Design,Perceptual GUI widget grouping,Deep Learning / Neural Network,General,Context-driven,Localized; Full-interface,Accuracy metrics,Scalability to large and diverse application corpora; Limited ground truth data for evaluation,Unsupervised inference of GUI widget groups from images (FSE)
2551,SemCluster: a semi-supervised clustering tool for crowdsourced test reports with deep image understanding,2022,Proceedings of the 30th ACM Joint European Software Engineering Conference and Symposium on the Foundations of Software Engineering,10.1145/3540250.3558933,ACM DL,Testing,Crowdsourced test report clustering,Deep Learning / Neural Network; Representation Learning / Embedding,General,Context-driven,Full-interface,Accuracy metrics,Requires large labeled training data,SemCluster: crowdsourced test reports with deep image understanding (FSE)
648,UniRLTest: Universal platform-independent testing with reinforcement learning via image understanding,2022,ISSTA 2022 - Proceedings of the 31st ACM SIGSOFT International Symposium on Software Testing and Analysis,10.1145/3533767.3543292,Scopus,Testing,Platform-independent GUI testing,Deep Learning / Neural Network,General,Context-driven; Ease of use,Full-interface,Accuracy metrics,Requires large labeled training data; Generalization across platforms and screen resolutions,UniRLTest: platform-independent testing via image understanding (ISSTA)
1403,Win GUI Crawler: A tool prototype for desktop GUI image and metadata collection,2022,"2022 IEEE International Conference on Software Testing, Verification and Validation Workshops (ICSTW)",10.1109/ICSTW55395.2022.00046,IEEE Xplore,Testing,Desktop GUI image collection,Color / Spatial Transformation; Other: Screenshot capture,Desktop,Context-driven,Full-interface,Accuracy metrics,State explosion and incomplete GUI coverage,Win GUI Crawler: desktop GUI image collection (ICST)
1276,Woodpecker: Identifying and Fixing Android UI Display Issues,2022,2022 IEEE/ACM 44th International Conference on Software Engineering: Companion Proceedings (ICSE-Companion),10.1145/3510454.3522681,IEEE Xplore,Testing,Android UI display issue detection,Deep Learning / Neural Network; Image Differencing,Mobile,Context-driven,Full-interface,Accuracy metrics,"Distinguishing meaningful visual changes from cosmetic ones; Dynamic content (ads, animations) causes false positives; Device and OS fragmentation",Woodpecker: identifying+fixing Android UI display issues (ICSE companion)
161,A State Graph-Based Improved Framework for Monkey GUI Testing for EDA Desktop Applications,2023,"Proceedings - 2023 13th International Conference on Software Technology and Engineering, ICSTE 2023",10.1109/ICSTE61649.2023.00010,Scopus,Testing,Monkey GUI testing,Deep Learning / Neural Network; Color / Spatial Transformation,Desktop,Context-driven,Full-interface,Accuracy metrics,Requires large labeled training data; State explosion and incomplete GUI coverage,State graph-based monkey GUI testing for EDA desktop apps
2402,A model for automatic generating reusable code from multiple GUIs,2023,Proceedings of the 37th IEEE/ACM International Conference on Automated Software Engineering,10.1145/3551349.3559563,ACM DL,Development,Reusable code generation from GUI,Deep Learning / Neural Network,General,Context-driven,Full-interface,Accuracy metrics,Handling complex layout hierarchies and custom widgets; Generated code quality and maintainability,Automatic GUI code generation from multiple GUIs (ASE)
18,AG3: Automated Game GUI Text Glitch Detection Based on Computer Vision,2023,ESEC/FSE 2023 - Proceedings of the 31st ACM Joint Meeting European Software Engineering Conference and Symposium on the Foundations of Software Engineering,10.1145/3611643.3613867,Scopus,Testing,Game GUI text glitch detection,Deep Learning / Neural Network; OCR,Game,Context-driven,Full-interface,Accuracy metrics,"Low accuracy on stylized fonts, icons with embedded text; Language and locale variability; High visual complexity and dynamic game states",AG3: automated game GUI text glitch detection via CV (FSE)
2278,Accelerating OCR-Based Widget Localization for Test Automation of GUI Applications,2023,Proceedings of the 37th IEEE/ACM International Conference on Automated Software Engineering,10.1145/3551349.3556966,ACM DL,Testing,OCR-based widget localization for testing,OCR; Deep Learning / Neural Network,General,Context-driven,Localized,Accuracy metrics,"Requires large labeled training data; Low accuracy on stylized fonts, icons with embedded text; Language and locale variability",Accelerating OCR-based widget localization for test automation (ASE)
318,An Advanced Multimodal Navigation Perception System for the Visually Impaired,2023,"2023 2nd International Conference on Trends in Electrical, Electronics and Computer Engineering, TEECCON 2023",10.1109/TEECCON59234.2023.10335792,Scopus,Testing,Navigation perception for visually impaired,Deep Learning / Neural Network,Desktop,Context-driven,Full-interface,Accuracy metrics,Scalability to large and diverse application corpora; Limited ground truth data for evaluation,Smart meter UI automated testing with image-based navigation
2433,Appaction: Automatic GUI Interaction for Mobile Apps via Holistic Widget Perception,2023,Proceedings of the 31st ACM Joint European Software Engineering Conference and Symposium on the Foundations of Software Engineering,10.1145/3611643.3613885,ACM DL,Testing,Autonomous GUI interaction,Deep Learning / Neural Network,Mobile,Context-driven,Localized,Accuracy metrics,Device fragmentation across manufacturers and OS versions,AppAction: automatic GUI interaction via holistic widget perception (FSE)
2746,Automatically Detecting Visual Bugs in HTML5 Canvas Games,2023,Proceedings of the 37th IEEE/ACM International Conference on Automated Software Engineering,10.1145/3551349.3556913,ACM DL,Testing,Visual bug detection in HTML5 Canvas games,Deep Learning / Neural Network; Color / Spatial Transformation,Web; Game,Context-driven,Full-interface,Accuracy metrics,Dynamic web content and cross-browser rendering differences; High visual complexity and dynamic game states,Automatically detecting visual bugs in HTML5 Canvas games (ASE)
2536,BAGEL: An Approach to Automatically Detect Navigation-Based Web Accessibility Barriers for Keyboard Users,2023,Proceedings of the 2023 CHI Conference on Human Factors in Computing Systems,10.1145/3544548.3580749,ACM DL,Testing,Web accessibility barrier detection,Deep Learning / Neural Network; Color / Spatial Transformation,Web,Context-driven,Full-interface,Accuracy metrics,Diverse accessibility needs across user populations; False negatives for non-obvious accessibility violations; Dynamic web content and cross-browser rendering differences,BAGEL: detecting navigation-based web accessibility barriers (CHI)
1547,Chouette: An Automated Cross-Platform UI Crawler for Improving App Quality,2023,2023 38th IEEE/ACM International Conference on Automated Software Engineering Workshops (ASEW),10.1109/ASEW60602.2023.00029,IEEE Xplore,Testing,Cross-platform UI crawling,Deep Learning / Neural Network; Template Matching / Feature Matching,Mobile,Ease of use,Full-interface,Accuracy metrics,"Generalization across platforms and screen resolutions; Sensitivity to resolution, scale, and visual changes; High false positive rate with similar-looking widgets",Chouette: automated cross-platform UI crawler (ASE workshop)
2569,Context-Aware Bug Reproduction for Mobile Apps,2023,Proceedings of the 45th International Conference on Software Engineering,10.1109/icse48619.2023.00196,ACM DL,Testing,Context-aware bug reproduction,Deep Learning / Neural Network,Mobile,Context-driven,Full-interface,Industrial evaluation,Device fragmentation across manufacturers and OS versions,Context-aware bug reproduction for mobile apps (ICSE)
223,DecompoVision: Reliability Analysis of Machine Vision Components through Decomposition and Reuse,2023,ESEC/FSE 2023 - Proceedings of the 31st ACM Joint Meeting European Software Engineering Conference and Symposium on the Foundations of Software Engineering,10.1145/3611643.3616333,Scopus,Testing,Reliability analysis of CV components,Deep Learning / Neural Network,General,Context-driven,Full-interface,Accuracy metrics,Requires large labeled training data,DecompoVision: reliability analysis of machine vision components (FSE)
21,DeltaNN: Assessing the Impact of Computational Environment Parameters on the Performance of Image Recognition Models,2023,"Proceedings - 2023 IEEE International Conference on Software Maintenance and Evolution, ICSME 2023",10.1109/ICSME58846.2023.00054,Scopus,Testing,CV model performance impact assessment,Deep Learning / Neural Network,General,Context-driven,Full-interface,Accuracy metrics,Scalability to large and diverse application corpora; Limited ground truth data for evaluation,DeltaNN: CV model performance impact of env parameters (ICSME)
2892,Efficiency Matters: Speeding Up Automated Testing with GUI Rendering Inference,2023,Proceedings of the 45th International Conference on Software Engineering,10.1109/ICSE48619.2023.00084,ACM DL,Testing,GUI rendering inference for test speedup,Deep Learning / Neural Network,General,Context-driven,Full-interface,Accuracy metrics,Requires large labeled training data,GUI rendering inference for automated testing speed-up (ICSE)
401,Engineering Accessible Software,2023,"Proceedings - 2023 IEEE International Conference on Software Maintenance and Evolution, ICSME 2023",10.1109/ICSME58846.2023.00079,Scopus,Testing,Accessible software engineering,Deep Learning / Neural Network; OCR,General,Context-driven,Full-interface,Accuracy metrics,"Low accuracy on stylized fonts, icons with embedded text; Language and locale variability; Diverse accessibility needs across user populations",Engineering accessible software via CV+HCI+SE (ICSME)
166,NEURAL-UML: Intelligent Recognition System of Structural Elements in UML Class Diagram,2023,"Proceedings - 2023 ACM/IEEE International Conference on Model Driven Engineering Languages and Systems Companion, MODELS-C 2023",10.1109/MODELS-C59198.2023.00099,Scopus,Requirements,UML structural element recognition,Deep Learning / Neural Network,General,Context-driven,Full-interface,Accuracy metrics,Scalability to large and diverse application corpora; Limited ground truth data for evaluation,NEURAL-UML: recognition of UML class diagram elements (MODELS)
352,Owl Eye: An AI-Driven Visual Testing Tool,2023,"5th Novel Intelligent and Leading Emerging Sciences Conference, NILES 2023 - Proceedings",10.1109/NILES59815.2023.10296575,Scopus,Testing,Visual testing tool,Deep Learning / Neural Network; Image Differencing,General,Context-driven,Full-interface,Accuracy metrics,"Requires large labeled training data; Distinguishing meaningful visual changes from cosmetic ones; Dynamic content (ads, animations) causes false positives",Owl Eye: AI-driven visual testing tool
2558,PredART: Towards Automatic Oracle Prediction of Object Placements in Augmented Reality Testing,2023,Proceedings of the 37th IEEE/ACM International Conference on Automated Software Engineering,10.1145/3551349.3561160,ACM DL,Testing,AR object placement oracle prediction,Deep Learning / Neural Network,General,Context-driven,Full-interface,Accuracy metrics,Requires large labeled training data,PredART: automatic oracle for AR object placement testing (ASE)
2552,"Read It, Don't Watch It: Captioning Bug Recordings Automatically",2023,Proceedings of the 45th International Conference on Software Engineering,10.1109/ICSE48619.2023.00197,ACM DL,Testing,Bug recording captioning,Deep Learning / Neural Network,General,Context-driven,Temporal,Accuracy metrics,Computational cost of video processing at scale; Synchronization of visual and interaction event streams,Read It Dont Watch It: captioning bug recordings (ICSE)
2347,Semantic Test Repair for Web Applications,2023,Proceedings of the 31st ACM Joint European Software Engineering Conference and Symposium on the Foundations of Software Engineering,10.1145/3611643.3616324,ACM DL,Testing,Semantic web test repair,Deep Learning / Neural Network; Template Matching / Feature Matching,Web,Robustness,Full-interface,Accuracy metrics,"Requires large labeled training data; Sensitivity to resolution, scale, and visual changes; High false positive rate with similar-looking widgets",Semantic test repair for web applications (FSE)
239,SpiderTailed: A Tool for Detecting Presentation Failures Using Screenshots and DOM Extraction,2023,Learning and Analytics in Intelligent Systems,10.1007/978-3-031-17583-1_4,Scopus,Testing,Presentation failure detection,Image Differencing; Color / Spatial Transformation,General,Context-driven,Full-interface,Accuracy metrics,"Distinguishing meaningful visual changes from cosmetic ones; Dynamic content (ads, animations) causes false positives",SpiderTailed: detecting presentation failures via screenshots+DOM
64,Test Automation for Symbol Recognition on the Map; [Harita Üzerinde Sembol Tanima Için Test Otomasyonu],2023,"31st IEEE Conference on Signal Processing and Communications Applications, SIU 2023",10.1109/SIU59756.2023.10223831,Scopus,Testing,Map symbol recognition for testing,Deep Learning / Neural Network; Template Matching / Feature Matching,General,Context-driven,Full-interface,Accuracy metrics,"Requires large labeled training data; Sensitivity to resolution, scale, and visual changes; High false positive rate with similar-looking widgets",Test automation for symbol recognition on map (CV for testing)
2443,The Metamorphosis: Automatic Detection of Scaling Issues for Mobile Apps,2023,Proceedings of the 37th IEEE/ACM International Conference on Automated Software Engineering,10.1145/3551349.3556935,ACM DL,Testing,Mobile app scaling issue detection,Deep Learning / Neural Network,Mobile,Context-driven,Full-interface,Accuracy metrics,Device fragmentation across manufacturers and OS versions,The Metamorphosis: detecting scaling issues for mobile apps (ASE)
2572,Too Much Accessibility is Harmful! Automated Detection and Analysis of Overly Accessible Elements in Mobile Apps,2023,Proceedings of the 37th IEEE/ACM International Conference on Automated Software Engineering,10.1145/3551349.3560424,ACM DL,Testing,Overly accessible UI element detection,Deep Learning / Neural Network,Mobile,Context-driven,Localized,Accuracy metrics,Diverse accessibility needs across user populations; False negatives for non-obvious accessibility violations; Device and OS fragmentation,Too Much Accessibility: detecting overly accessible mobile UI elements (ASE)
393,Towards Understanding Machine Learning Testing in Practise,2023,"Proceedings - 2023 IEEE/ACM 2nd International Conference on AI Engineering - Software Engineering for AI, CAIN 2023",10.1109/CAIN58948.2023.00028,Scopus,Other,ML testing practices study,Other: Survey / empirical study,General,Context-driven,Full-interface,Accuracy metrics,Scalability to large and diverse application corpora; Limited ground truth data for evaluation,Towards understanding ML testing in practice - CV systems (CAIN)
2804,Transforming Ideas into Code: Visual Sketching for ML Development,2023,"Companion Proceedings of the 2023 ACM SIGPLAN International Conference on Systems, Programming, Languages, and Applications: Software for Humanity",10.1145/3618305.3623588,ACM DL,Development,Visual sketching for ML development,Deep Learning / Neural Network,General,Context-driven,Natural input,Accuracy metrics,Scalability to large and diverse application corpora; Limited ground truth data for evaluation,Transforming ideas into code: visual sketching for ML development
477,Translating Video Recordings of Complex Mobile App UI Gestures into Replayable Scenarios,2023,IEEE Transactions on Software Engineering,10.1109/TSE.2022.3192279,Scopus,Testing,Complex UI gesture test replayability,Deep Learning / Neural Network; Other: Video analysis,Mobile,Context-driven,Temporal,Accuracy metrics,Requires large labeled training data; Computational cost of video processing at scale; Synchronization of visual and interaction event streams,Translating video of mobile app UI gestures to replayable scenarios (TSE)
350,Visual Expertise in Code Reviews: Using Holistic Models of Image Perception to Analyze and Interpret Eye Movements,2023,Eye Tracking Research and Applications Symposium (ETRA),10.1145/3588015.3589189,Scopus,Maintenance,Visual expertise in code reviews,Deep Learning / Neural Network; Other: Eye-tracking,General,Context-driven,Full-interface,Accuracy metrics,Scalability to large and diverse application corpora; Limited ground truth data for evaluation,Visual expertise in code reviews: eye movements analysis (ETRA)
1156,Visual Test Framework: Enhancing Software Test Automation with Visual Artificial Intelligence and Behavioral Driven Development,2023,"2023 IEEE 15th International Conference on Humanoid, Nanotechnology, Information Technology, Communication and Control, Environment, and Management (HNICEM)",10.1109/HNICEM60674.2023.10589222,IEEE Xplore,Testing,Visual test automation framework,Deep Learning / Neural Network; Image Differencing,General,Context-driven,Full-interface,Accuracy metrics,"Requires large labeled training data; Distinguishing meaningful visual changes from cosmetic ones; Dynamic content (ads, animations) causes false positives",Visual test framework with visual AI and BDD
2734,Widget Detection-Based Testing for Industrial Mobile Games,2023,Proceedings of the 45th International Conference on Software Engineering: Software Engineering in Practice,10.1109/icse-seip58684.2023.00021,ACM DL,Testing,Widget detection for industrial mobile game testing,Deep Learning / Neural Network,Mobile; Game,Context-driven,Localized,Industrial evaluation,Requires large labeled training data; Device and OS fragmentation; High visual complexity and dynamic game states,Widget detection-based testing for industrial mobile games (ICSE-SEIP)
2679,ATOM: Automated Black-Box Testing of Multi-Label Image Classification Systems,2024,Proceedings of the 38th IEEE/ACM International Conference on Automated Software Engineering,10.1109/ase56229.2023.00156,ACM DL,Testing,Multi-label image classification system testing,Deep Learning / Neural Network,General,Context-driven; Ease of use,Full-interface,Accuracy metrics,Requires large labeled training data,ATOM: automated black-box testing of image classification systems (ASE)
290,Adaptive attention fusion network for cross-device GUI element re-identification in crowdsourced testing,2024,Neurocomputing,10.1016/j.neucom.2024.127502,Scopus,Testing,Cross-device GUI element re-identification,Deep Learning / Neural Network; Representation Learning / Embedding,General,Context-driven,Full-interface,Accuracy metrics,Requires large labeled training data; Generalization across platforms and screen resolutions,Adaptive attention for cross-device GUI element re-ID in crowdsourced testing
154,Algorithm for Mapping Layout Grids in User Interfaces: Automating the “Squint Test”,2024,Communications in Computer and Information Science,10.1007/978-3-031-50423-5_1,Scopus,Design,UI layout grid detection,Color / Spatial Transformation; Other: Layout grid detection,General,Context-driven,Full-interface,Accuracy metrics,Scalability to large and diverse application corpora; Limited ground truth data for evaluation,Automating squint test: layout grid mapping in UIs
2401,Automated Fixing of Web UI Tests via Iterative Element Matching,2024,Proceedings of the 38th IEEE/ACM International Conference on Automated Software Engineering,10.1109/ase56229.2023.00048,ACM DL,Testing,Web UI test repair via element matching,Deep Learning / Neural Network; Template Matching / Feature Matching,Web,Robustness,Full-interface,Accuracy metrics,"Requires large labeled training data; Sensitivity to resolution, scale, and visual changes; High false positive rate with similar-looking widgets",Automated fixing of web UI tests via iterative element matching (ASE)
199,Automated evaluation of game content display using deep learning,2024,ACM International Conference Proceeding Series,10.1145/3661167.3661184,Scopus,Testing,Game content display evaluation,Deep Learning / Neural Network,Game,Context-driven,Full-interface,Accuracy metrics,High visual complexity and dynamic game states,Automated evaluation of game content display using deep learning
454,Automating GUI-based Test Oracles for Mobile Apps,2024,"Proceedings - 2024 IEEE/ACM 21st International Conference on Mining Software Repositories, MSR 2024",10.1145/3643991.3644930,Scopus,Testing,GUI test oracle generation for mobile apps,Deep Learning / Neural Network,Mobile,Context-driven,Full-interface,Accuracy metrics,Requires large labeled training data; Device and OS fragmentation,Automating GUI-based test oracles for mobile apps (MSR)
2612,Beyond Manual Modeling: Automating GUI Model Generation Using Design Documents,2024,Proceedings of the 39th IEEE/ACM International Conference on Automated Software Engineering,10.1145/3691620.3695032,ACM DL,Maintenance,GUI model generation from design documents,Deep Learning / Neural Network,General,Context-driven,Full-interface,Accuracy metrics,Scalability to large and diverse application corpora; Limited ground truth data for evaluation,Automating GUI model generation from design docs (ASE)
2204,Combining Neuroevolution with the Search for Novelty to Improve the Generation of Test Inputs for Games,2024,Proceedings of the 1st ACM International Workshop on Foundations of Applied Software Engineering for Games,10.1145/3663532.3664467,ACM DL,Testing,GUI test generation via neuroevolution,Deep Learning / Neural Network,Game,Context-driven; Robustness,Full-interface,Accuracy metrics,Requires large labeled training data; Fragility to GUI evolution and app updates; High visual complexity and dynamic game states,Neuroevolution + novelty for game test input generation (FSE workshop)
58,Computer Vision Intelligence Test Modeling and Generation: A Case Study on Smart OCR,2024,"Proceedings - 6th IEEE International Conference on Artificial Intelligence Testing, AITest 2024",10.1109/AITest62860.2024.00011,Scopus,Testing,CV intelligence test modeling,Deep Learning / Neural Network,General,Context-driven,Full-interface,Accuracy metrics,Requires large labeled training data,CV intelligence test modeling for smart OCR (AITest)
2213,Data Analysis Tools Affect Outcomes of Eye-Tracking Studies,2024,Proceedings of the 18th ACM/IEEE International Symposium on Empirical Software Engineering and Measurement,10.1145/3674805.3686672,ACM DL,Maintenance,Eye-tracking study methodology analysis,Other: Eye-tracking analysis,General,Context-driven,Full-interface,Accuracy metrics,Scalability to large and diverse application corpora; Limited ground truth data for evaluation,Data analysis tools affect eye-tracking study outcomes (ESEM)
2370,DeepLSH: Deep Locality-Sensitive Hash Learning for Fast and Efficient Near-Duplicate Crash Report Detection,2024,Proceedings of the IEEE/ACM 46th International Conference on Software Engineering,10.1145/3597503.3639146,ACM DL,Maintenance,Near-duplicate GUI detection,Deep Learning / Neural Network; Representation Learning / Embedding,General,Context-driven,Localized,Accuracy metrics,Distinguishing near-duplicate from genuinely different reports,DeepLSH: near-duplicate crash report detection (ICSE)
286,Design-Implementation Discrepancy Analysis for Mobile Application Interfaces Using Object Detection Methods,2024,"2024 12th International Conference on Information and Education Technology, ICIET 2024",10.1109/ICIET60671.2024.10542829,Scopus,Maintenance,Design-implementation discrepancy detection,Deep Learning / Neural Network,Mobile,Context-driven,Full-interface,Accuracy metrics,Device fragmentation across manufacturers and OS versions,Design-implementation discrepancy for mobile UIs via object detection
2685,EGFE: End-to-end Grouping of Fragmented Elements in UI Designs with Multimodal Learning,2024,Proceedings of the IEEE/ACM 46th International Conference on Software Engineering,10.1145/3597503.3623313,ACM DL,Design,UI fragmented element grouping,Deep Learning / Neural Network,General,Context-driven,Full-interface,Accuracy metrics,Scalability to large and diverse application corpora; Limited ground truth data for evaluation,EGFE: end-to-end grouping of fragmented UI elements (ICSE)
299,"Effective, Platform-Independent GUI Testing via Image Embedding and Reinforcement Learning",2024,ACM Transactions on Software Engineering and Methodology,10.1145/3674728,Scopus,Testing,Platform-independent GUI testing,Deep Learning / Neural Network; Representation Learning / Embedding,General,Context-driven; Ease of use,Full-interface,Accuracy metrics,Requires large labeled training data; Generalization across platforms and screen resolutions,Platform-independent GUI testing via image embedding+RL (TOSEM)
2788,Enhancing GUI Exploration Coverage of Android Apps with Deep Link-Integrated Monkey,2024,ACM Trans. Softw. Eng. Methodol.,10.1145/3664810,ACM DL,Testing,Android app GUI exploration coverage,Deep Learning / Neural Network,Mobile,Context-driven,Full-interface,Accuracy metrics,State explosion and incomplete GUI coverage; Device and OS fragmentation,Enhancing GUI exploration coverage of Android apps (TOSEM)
1355,Generating Minimalist Adversarial Perturbations to Test Object-Detection Models: An Adaptive Multi-Metric Evolutionary Search Approach,2024,"2024 IEEE International Conference on Software Testing, Verification and Validation Workshops (ICSTW)",10.1109/ICSTW60967.2024.00015,IEEE Xplore,Testing,Adversarial perturbation for object detection testing,Deep Learning / Neural Network,General,Robustness,Full-interface,Accuracy metrics,Requires large labeled training data; Fragility to GUI evolution and app updates,Adversarial perturbations to test object-detection models (ICST)
248,GuiEvo: Automated Evolution of Mobile Application GUIs,2024,"Proceedings - 2024 IEEE/ACM 21st International Conference on Mining Software Repositories, MSR 2024",10.1145/3643991.3644936,Scopus,Maintenance,Mobile GUI automated evolution,Deep Learning / Neural Network,Mobile,Context-driven; Robustness,Full-interface,Accuracy metrics,Fragility to GUI evolution and app updates; Device and OS fragmentation,GuiEvo: automated evolution of mobile app GUIs (MSR)
238,Image Processing-Enabled Validation for Robotic Test Automation: A Case Study on POS Devices; [Görüntü Işlemeyle Doǧrulamali Robotik Test Otomasyon Kullanimi: POS Cihazlari Üzerine Uygulama],2024,UBMK 2024 - Proceedings: 9th International Conference on Computer Science and Engineering,10.1109/UBMK63289.2024.10773486,Scopus,Testing,Robotic test automation validation,Deep Learning / Neural Network; Template Matching / Feature Matching,General,Context-driven,Full-interface,Accuracy metrics,"Requires large labeled training data; Sensitivity to resolution, scale, and visual changes; High false positive rate with similar-looking widgets",Image processing for robotic test automation validation (POS devices)
478,Image-based communication on social coding platforms,2024,Journal of Software: Evolution and Process,10.1002/smr.2609,Scopus,Maintenance,Image-based communication on social coding,Other: Image analysis + NLP,General,Context-driven,Full-interface,Accuracy metrics,Scalability to large and diverse application corpora; Limited ground truth data for evaluation,Image-based communication on social coding platforms (JSE&P)
2496,Improving Code Extraction from Coding Screencasts Using a Code-Aware Encoder-Decoder Model,2024,Proceedings of the 38th IEEE/ACM International Conference on Automated Software Engineering,10.1109/ase56229.2023.00184,ACM DL,Development,Code extraction from coding screencasts,Deep Learning / Neural Network,General,Context-driven,Full-interface,Accuracy metrics,Scalability to large and diverse application corpora; Limited ground truth data for evaluation,Improving code extraction from coding screencasts (ASE)
2719,Learning-based Widget Matching for Migrating GUI Test Cases,2024,Proceedings of the IEEE/ACM 46th International Conference on Software Engineering,10.1145/3597503.3623322,ACM DL,Testing,GUI test case migration,Deep Learning / Neural Network; Representation Learning / Embedding,General,Context-driven; Robustness,Localized,Accuracy metrics,Requires large labeled training data,Learning-based widget matching for GUI test case migration (ICSE)
264,Measuring Effectiveness of Metamorphic Relations for Image Processing Using Mutation Testing,2024,Journal of Imaging,10.3390/jimaging10040087,Scopus,Testing,Metamorphic testing of image processing,Other: Metamorphic testing,General,Context-driven,Full-interface,Accuracy metrics,Scalability to large and diverse application corpora; Limited ground truth data for evaluation,Metamorphic relations effectiveness for image processing via mutation testing
453,Metamorphic Testing of Image Processing Applications: A General Framework and Optimization Strategies,2024,"MET 2024 - Proceedings of the 9th ACM International Workshop on Metamorphic Testing, Co-located with: ISSTA 2024",10.1145/3679006.3685070,Scopus,Testing,Metamorphic testing of image processing apps,Other: Metamorphic testing,General,Context-driven,Full-interface,Accuracy metrics,Scalability to large and diverse application corpora; Limited ground truth data for evaluation,Metamorphic testing of image processing applications framework (MET)
2741,Mobile Bug Report Reproduction via Global Search on the App UI Model,2024,Proc. ACM Softw. Eng.,10.1145/3660824,ACM DL,Testing,Mobile bug report reproduction,Deep Learning / Neural Network,Mobile,Context-driven,Full-interface,Industrial evaluation,Ambiguous or incomplete visual context in bug recordings; Mapping recorded actions to current GUI state; Device and OS fragmentation,Mobile bug report reproduction via global search on app UI model
2365,MotorEase: Automated Detection of Motor Impairment Accessibility Issues in Mobile App UIs,2024,Proceedings of the IEEE/ACM 46th International Conference on Software Engineering,10.1145/3597503.3639167,ACM DL,Testing,Motor impairment accessibility detection,Deep Learning / Neural Network,Mobile,Context-driven,Full-interface,Accuracy metrics,Diverse accessibility needs across user populations; False negatives for non-obvious accessibility violations; Device and OS fragmentation,MotorEase: detecting motor impairment accessibility issues in mobile UIs (ICSE)
2245,Neat: Mobile App Layout Similarity Comparison Based on Graph Convolutional Networks,2024,Companion Proceedings of the 32nd ACM International Conference on the Foundations of Software Engineering,10.1145/3663529.3663832,ACM DL,Design,Mobile app layout similarity comparison,Deep Learning / Neural Network,Mobile,Context-driven,Full-interface,Accuracy metrics,Device fragmentation across manufacturers and OS versions,Mobile app layout similarity via graph convolutional networks (FSE companion)
1550,On Improving Management of Duplicate Video-Based Bug Reports,2024,2024 IEEE/ACM 46th International Conference on Software Engineering: Companion Proceedings (ICSE-Companion),10.1145/3639478.3639786,IEEE Xplore,Testing,Duplicate video bug report management,Deep Learning / Neural Network; Other: Text+image fusion,General,Context-driven,Temporal,Accuracy metrics,Ambiguous or incomplete visual context in bug recordings; Mapping recorded actions to current GUI state; Distinguishing near-duplicate from genuinely different reports,On improving management of duplicate video-based bug reports (ICSE companion)
77,Optical Character Recognition Based-On System for Automated Software Testing,2024,"International Conference on Enterprise Information Systems, ICEIS - Proceedings",10.5220/0012740000003690,Scopus,Testing,OCR-based automated software testing,OCR,General,Context-driven,Full-interface,Accuracy metrics,"Low accuracy on stylized fonts, icons with embedded text; Language and locale variability",OCR-based system for automated software testing
397,Practical Non-Intrusive GUI Exploration Testing with Visual-based Robotic Arms,2024,Proceedings - International Conference on Software Engineering,10.1145/3597503.3639161,Scopus,Testing,Non-intrusive GUI exploration testing,Deep Learning / Neural Network; Template Matching / Feature Matching,General,Context-driven; Ease of use,Full-interface,Accuracy metrics,"Requires large labeled training data; Sensitivity to resolution, scale, and visual changes; High false positive rate with similar-looking widgets",Non-intrusive GUI exploration with visual robotic arms (ICSE)
2272,RFNIT: Robotic Framework for Non-invasive Testing,2024,Companion Proceedings of the 32nd ACM International Conference on the Foundations of Software Engineering,10.1145/3663529.3663871,ACM DL,Testing,Robotic non-invasive GUI testing,Deep Learning / Neural Network; Template Matching / Feature Matching,General,Context-driven,Full-interface,Accuracy metrics,"Requires large labeled training data; Sensitivity to resolution, scale, and visual changes; High false positive rate with similar-looking widgets",RFNIT: robotic framework for non-invasive testing (FSE companion)
3055,Semantic matching in GUI test reuse,2024,Empirical Software Engineering,10.1007/s10664-023-10406-8,Springer,Testing,GUI test reuse via semantic matching,Deep Learning / Neural Network; Representation Learning / Embedding,General,Context-driven,Full-interface,Accuracy metrics,Requires large labeled training data,Semantic matching in GUI test reuse (ESE)
2619,Semi-supervised Crowdsourced Test Report Clustering via Screenshot-Text Binding Rules,2024,Proc. ACM Softw. Eng.,10.1145/3660776,ACM DL,Testing,Crowdsourced test report clustering,Deep Learning / Neural Network; Representation Learning / Embedding,General,Context-driven,Full-interface,Accuracy metrics,Requires large labeled training data,Semi-supervised crowdsourced test report clustering via screenshot-text binding
2292,Synthesis-Based Enhancement for GUI Test Case Migration,2024,Proceedings of the 33rd ACM SIGSOFT International Symposium on Software Testing and Analysis,10.1145/3650212.3680327,ACM DL,Testing,GUI test case migration,Deep Learning / Neural Network; Template Matching / Feature Matching,General,Context-driven; Robustness,Full-interface,Accuracy metrics,"Requires large labeled training data; Sensitivity to resolution, scale, and visual changes; High false positive rate with similar-looking widgets",Synthesis-based enhancement for GUI test case migration (ISSTA)
2223,Towards Automatic Oracle Prediction for AR Testing: Assessing Virtual Object Placement Quality under Real-World Scenes,2024,Proceedings of the 33rd ACM SIGSOFT International Symposium on Software Testing and Analysis,10.1145/3650212.3680315,ACM DL,Testing,AR object placement oracle prediction,Deep Learning / Neural Network,General,Context-driven,Full-interface,Accuracy metrics,Requires large labeled training data,Towards automatic oracle for AR testing: virtual object placement (ISSTA)
2300,VRDSynth: Synthesizing Programs for Multilingual Visually Rich Document Information Extraction,2024,Proceedings of the 33rd ACM SIGSOFT International Symposium on Software Testing and Analysis,10.1145/3650212.3680314,ACM DL,Maintenance,Visually rich document information extraction,Deep Learning / Neural Network; OCR,General,Context-driven,Full-interface,Accuracy metrics,"Low accuracy on stylized fonts, icons with embedded text; Language and locale variability",VRDSynth: programs for visually rich document info extraction (ISSTA)
2718,Vision-Based Widget Mapping for Test Migration across Mobile Platforms: Are We There Yet?,2024,Proceedings of the 38th IEEE/ACM International Conference on Automated Software Engineering,10.1109/ase56229.2023.00068,ACM DL,Testing,Vision-based widget mapping for test migration,Deep Learning / Neural Network; Template Matching / Feature Matching,Mobile,Context-driven; Robustness,Localized,Accuracy metrics,"Requires large labeled training data; Sensitivity to resolution, scale, and visual changes; High false positive rate with similar-looking widgets",Vision-based widget mapping for test migration across platforms (ASE)
2215,A compatibility test method for Android applications based on multimodal large models in crowdsourcing scenarios,2025,Proceedings of the 2025 5th International Conference on Computer Network Security and Software Engineering,10.1145/3732365.3732402,ACM DL,Testing,Android app compatibility testing,Deep Learning / Neural Network,Mobile,Context-driven,Full-interface,Accuracy metrics,Requires large labeled training data; Device and OS fragmentation,Compatibility test for Android apps with multimodal models in crowdsourcing
90,Artificial intelligence for context-aware visual change detection in software test automation,2025,Progress in Artificial Intelligence,10.1007/s13748-025-00408-6,Scopus,Testing,Visual change detection in software testing,Deep Learning / Neural Network; Image Differencing,General,Context-driven; Robustness,Full-interface,Accuracy metrics,"Requires large labeled training data; Distinguishing meaningful visual changes from cosmetic ones; Dynamic content (ads, animations) causes false positives",AI for visual change detection in software test automation
1395,AutoTestUI-Automated Test Case Generation from UI Screenshots,2025,"2025 9th International Conference on Electronics, Communication and Aerospace Technology (ICECA)",10.1109/ICECA66444.2025.11383091,IEEE Xplore,Testing,Test case generation from UI screenshots,Deep Learning / Neural Network; OCR,Desktop,Context-driven,Full-interface,Accuracy metrics,"Requires large labeled training data; Low accuracy on stylized fonts, icons with embedded text; Language and locale variability",AutoTestUI: test case generation from UI screenshots
344,Automated Webpage Generation from Hand-Drawn Mockups Using ResNet-50 and Deep Learning,2025,"2025 International Conference on Data Science and Business Systems, ICDSBS 2025",10.1109/ICDSBS63635.2025.11031253,Scopus,Development,Webpage generation from hand-drawn mockups,Deep Learning / Neural Network,Web,Context-driven,Natural input,Accuracy metrics,Dynamic web content and cross-browser rendering differences,Automated webpage generation from hand-drawn mockups (ResNet-50)
421,"Comparison of Claude (Sonnet and Opus) and ChatGPT (GPT-4, GPT-4o, GPT-o1) in Analyzing Educational Image-Based Questions from Block-Based Programming Assessments",2025,"2025 13th International Conference on Information and Education Technology, ICIET 2025",10.1109/ICIET66371.2025.11046263,Scopus,Testing,LLM comparison for GUI analysis,Deep Learning / Neural Network,General,Context-driven,Full-interface,Accuracy metrics,Scalability to large and diverse application corpora; Limited ground truth data for evaluation,LLMs analyzing image-based programming assessment questions
2303,DeclarUI: Bridging Design and Development with Automated Declarative UI Code Generation,2025,Proc. ACM Softw. Eng.,10.1145/3715726,ACM DL,Development,Declarative UI code generation,Deep Learning / Neural Network,General,Context-driven,Full-interface,Accuracy metrics,Handling complex layout hierarchies and custom widgets; Generated code quality and maintainability,DeclarUI: automated declarative UI code generation (PACMSE)
2502,DesignRepair: Dual-Stream Design Guideline-Aware Frontend Repair with Large Language Models,2025,Proceedings of the IEEE/ACM 47th International Conference on Software Engineering,10.1109/ICSE55347.2025.00109,ACM DL,Testing,Frontend repair guided by design guidelines,Deep Learning / Neural Network,General,Context-driven; Robustness,Full-interface,Accuracy metrics,Requires large labeled training data; Subjectivity in design quality assessment,DesignRepair: design guideline-aware frontend repair with LLMs (ICSE)
2840,Detecting Outdated Screenshot from GUI Document,2025,ACM Trans. Softw. Eng. Methodol.,10.1145/3750041,ACM DL,Maintenance,Outdated screenshot detection,Deep Learning / Neural Network; Image Differencing,General,Context-driven,Full-interface,Accuracy metrics,"Distinguishing meaningful visual changes from cosmetic ones; Dynamic content (ads, animations) causes false positives",Detecting outdated screenshots from GUI documentation (TOSEM)
470,Development of a Software Prototype for Assisting People with Quadriplegia: An Approach Based on Interface Analysis and Computer Vision,2025,Communications in Computer and Information Science,10.1007/978-3-031-75147-9_2,Scopus,Testing,Assistive interface analysis for quadriplegia,Deep Learning / Neural Network; Color / Spatial Transformation,General,Context-driven,Full-interface,Accuracy metrics,Scalability to large and diverse application corpora; Limited ground truth data for evaluation,Software for quadriplegia assistance: interface analysis + CV
2523,Divide-and-Conquer: Generating UI Code from Screenshots,2025,Proc. ACM Softw. Eng.,10.1145/3729364,ACM DL,Development,UI code generation from screenshots,Deep Learning / Neural Network,General,Context-driven,Full-interface,Accuracy metrics,Handling complex layout hierarchies and custom widgets; Generated code quality and maintainability,Divide-and-Conquer: generating UI code from screenshots (PACMSE)
11,Exploiting Vision-Language Models in GUI Reuse,2025,"Proceedings - 2025 IEEE/ACM 22nd International Conference on Software and Systems Reuse, ICSR 2025",10.1109/ICSR66718.2025.00009,Scopus,Maintenance,GUI reuse via VLM,Deep Learning / Neural Network,General,Context-driven,Full-interface,Accuracy metrics,Requires large labeled training data,Exploiting vision-language models in GUI reuse (ICSR)
1606,Exploring the Black-Box: Testing Image Synthesis Systems through Metamorphic Exploration,2025,"2025 IEEE 49th Annual Computers, Software, and Applications Conference (COMPSAC)",10.1109/COMPSAC65507.2025.00317,IEEE Xplore,Testing,Image synthesis system testing,Deep Learning / Neural Network; Other: Metamorphic testing,General,Context-driven; Ease of use,Full-interface,Accuracy metrics,Requires large labeled training data; State explosion and incomplete GUI coverage,Testing image synthesis systems via metamorphic exploration (COMPSAC)
2778,GUIPilot: A Consistency-Based Mobile GUI Testing Approach for Detecting Application-Specific Bugs,2025,Proc. ACM Softw. Eng.,10.1145/3728909,ACM DL,Testing,Mobile GUI consistency testing,Deep Learning / Neural Network; Image Differencing,Mobile,Context-driven,Full-interface,Accuracy metrics,"Requires large labeled training data; Distinguishing meaningful visual changes from cosmetic ones; Dynamic content (ads, animations) causes false positives",GUIPilot: consistency-based mobile GUI testing (PACMSE)
2464,GUing: A Mobile GUI Search Engine using a Vision-Language Model,2025,ACM Trans. Softw. Eng. Methodol.,10.1145/3702993,ACM DL,Design,Mobile GUI search engine,Deep Learning / Neural Network,Mobile,Context-driven,Full-interface,Accuracy metrics,Device fragmentation across manufacturers and OS versions,GUing: mobile GUI search engine using VLM (TOSEM)
1190,Harnessing LLMs for Document-Guided Fuzzing of OpenCV Library,2025,2025 IEEE International Conference on Software Maintenance and Evolution (ICSME),10.1109/ICSME64153.2025.00017,IEEE Xplore,Testing,LLM-assisted fuzzing of CV library,Deep Learning / Neural Network,General,Context-driven,Full-interface,Accuracy metrics,Scalability to large and diverse application corpora; Limited ground truth data for evaluation,LLM-guided fuzzing of OpenCV library (ICSME)
2383,LLM Code Customization with Visual Results: A Benchmark on TikZ,2025,Proceedings of the 29th International Conference on Evaluation and Assessment in Software Engineering,10.1145/3756681.3757003,ACM DL,Development,LLM code customization benchmark,Deep Learning / Neural Network,General,Context-driven,Full-interface,Accuracy metrics,Scalability to large and diverse application corpora; Limited ground truth data for evaluation,LLM code customization with visual results: TikZ benchmark (EASE)
2290,MLLM-Based UI2Code Automation Guided by UI Layout Information,2025,Proc. ACM Softw. Eng.,10.1145/3728925,ACM DL,Development,UI-to-code automation,Deep Learning / Neural Network,General,Context-driven,Full-interface,Accuracy metrics,Handling complex layout hierarchies and custom widgets; Generated code quality and maintainability,MLLM-based UI2Code automation with layout info (PACMSE)
285,Method and Algorithm for Web Content Analysis Based on Computer Vision for Contrast Evaluation,2025,"Proceedings - International Conference on Advanced Computer Information Technologies, ACIT",10.1109/ACIT65614.2025.11185908,Scopus,Testing,Web content contrast evaluation,Color / Spatial Transformation; Other: Contrast analysis,Web,Context-driven,Full-interface,Accuracy metrics,Dynamic web content and cross-browser rendering differences,Web content contrast evaluation using CV for accessibility
394,Model-based GUI automation,2025,Software and Systems Modeling,10.1007/s10270-025-01319-9,Scopus,Testing,Model-based GUI automation,Deep Learning / Neural Network; Template Matching / Feature Matching,General,Context-driven,Full-interface,Accuracy metrics,"Sensitivity to resolution, scale, and visual changes; High false positive rate with similar-looking widgets",Model-based GUI automation (SoSyM)
1786,SeeAction: Towards Reverse Engineering How-What-Where of HCI Actions from Screencasts for UI Automation,2025,2025 IEEE/ACM 47th International Conference on Software Engineering (ICSE),10.1109/ICSE55347.2025.00144,IEEE Xplore,Maintenance,HCI action reverse engineering from screenshots,Deep Learning / Neural Network,General,Context-driven,Full-interface,Accuracy metrics,Scalability to large and diverse application corpora; Limited ground truth data for evaluation,SeeAction: reverse engineering HCI actions from screencasts (ICSE)
474,Seeing is Believing: Vision-Driven Non-Crash Functional Bug Detection for Mobile Apps,2025,IEEE Transactions on Software Engineering,10.1109/TSE.2025.3614469,Scopus,Testing,Non-crash functional bug detection,Deep Learning / Neural Network,Mobile,Context-driven,Full-interface,Accuracy metrics,Device fragmentation across manufacturers and OS versions,Seeing is Believing: vision-driven non-crash bug detection (TSE)
441,Software vulnerability detection under poisoning attacks using CNN-based image processing,2025,International Journal of Information Security,10.1007/s10207-025-00989-2,Scopus,Testing,Vulnerability detection via CNN image processing,Deep Learning / Neural Network,General,Context-driven,Full-interface,Accuracy metrics,Scalability to large and diverse application corpora; Limited ground truth data for evaluation,Software vulnerability detection via CNN-based image processing
2782,Test Script Intention Generation for Mobile Application via GUI Image and Code Understanding,2025,ACM Trans. Softw. Eng. Methodol.,10.1145/3722105,ACM DL,Testing,Test script intention generation,Deep Learning / Neural Network; OCR,Mobile,Context-driven,Full-interface,Accuracy metrics,"Requires large labeled training data; Low accuracy on stylized fonts, icons with embedded text; Language and locale variability",Test script intention generation via GUI image+code understanding (TOSEM)
2225,TestFlow: Advancing Mobile UI Testing through Multi-Step Reinforcement Learning,2025,Proceedings of the 34th ACM SIGSOFT International Symposium on Software Testing and Analysis,10.1145/3713081.3732930,ACM DL,Testing,Mobile UI testing via reinforcement learning,Deep Learning / Neural Network,Mobile,Context-driven,Full-interface,Accuracy metrics,Requires large labeled training data; Device and OS fragmentation,TestFlow: mobile UI testing through multi-step RL (ISSTA)
2491,Towards LLM-Based Automatic Playtest,2025,Proceedings of the 33rd ACM International Conference on the Foundations of Software Engineering,10.1145/3696630.3728700,ACM DL,Testing,LLM-based automated playtesting,Deep Learning / Neural Network,General,Context-driven,Full-interface,Accuracy metrics,Requires large labeled training data,Towards LLM-based automatic playtest (FSE)
1277,Validating Android Interfaces with Faster R-CNN: Enhancements in Software Quality Assurance,2025,2025 12th International Conference on Soft Computing & Machine Intelligence (ISCMI),10.1109/ISCMI67495.2025.11358621,IEEE Xplore,Testing,Android interface validation,Deep Learning / Neural Network,Mobile,Context-driven,Full-interface,Accuracy metrics,Device fragmentation across manufacturers and OS versions,Validating Android interfaces with Faster R-CNN
143,ViT-DtC: vision transformer-based design-to-code framework for code generation from generated UI designs and hand-drawn sketches,2025,Neural Computing and Applications,10.1007/s00521-025-11565-z,Scopus,Development,Design-to-code generation via ViT,Deep Learning / Neural Network,General,Context-driven,Natural input,Accuracy metrics,Handling complex layout hierarchies and custom widgets; Generated code quality and maintainability,ViT-DtC: vision transformer design-to-code from UI designs+sketches
2805,Vision-Based Mobile App GUI Testing: A Survey,2025,ACM Comput. Surv.,10.1145/3773027,ACM DL,Other,Survey of vision-based mobile GUI testing,Other: Survey,Mobile,Context-driven,Full-interface,Accuracy metrics,Device fragmentation across manufacturers and OS versions,Vision-based mobile app GUI testing: a survey (ACM Comput. Surv.)
144,cvrip: A Visual GUI Ripping Framework,2025,Journal of Software: Evolution and Process,10.1002/smr.70009,Scopus,Testing,Visual GUI ripping,Color / Spatial Transformation; Deep Learning / Neural Network,General,Context-driven,Full-interface,Accuracy metrics,Scalability to large and diverse application corpora; Limited ground truth data for evaluation,cvrip: visual GUI ripping framework (JSE&P)
251,BinSight: Enhancing Executable Binary Classification Accuracy Through Kernel Density Estimation-Based Visualization,2026,IEEE Access,10.1109/ACCESS.2026.3661919,Scopus,Other,Binary classification via visualization,Other: KDE visualization + ML,General,Context-driven,Full-interface,Accuracy metrics,Scalability to large and diverse application corpora; Limited ground truth data for evaluation,BinSight: binary classification via KDE visualization
2288,Judge: Effective State Abstraction for Guiding Automated Web GUI Testing,2026,ACM Trans. Softw. Eng. Methodol.,10.1145/3736162,ACM DL,Testing,Automated web GUI testing,Deep Learning / Neural Network,Web,Context-driven,Full-interface,Accuracy metrics,Requires large labeled training data; Dynamic web content and cross-browser rendering differences,Judge: state abstraction for web GUI testing (TOSEM)
103,MT4Image: An efficient metamorphic testing approach for image processing applications,2026,Information and Software Technology,10.1016/j.infsof.2025.107909,Scopus,Testing,Metamorphic testing of image processing apps,Other: Metamorphic testing,General,Context-driven,Full-interface,Accuracy metrics,Scalability to large and diverse application corpora; Limited ground truth data for evaluation,MT4Image: metamorphic testing for image processing apps (IST)
475,Multimodal fusion with vision-language-action models for robotic manipulation: A systematic review,2026,Information Fusion,10.1016/j.inffus.2025.104062,Scopus,Other,Robotic manipulation via VLM,Deep Learning / Neural Network,General,Context-driven,Full-interface,Accuracy metrics,Scalability to large and diverse application corpora; Limited ground truth data for evaluation,Multimodal fusion VLMs for robotic manipulation SE review
23,VLM-Fuzz: Vision language model assisted recursive depth-first search exploration for effective GUI testing of android apps,2026,Empirical Software Engineering,10.1007/s10664-026-10816-4,Scopus,Testing,VLM-assisted fuzz testing,Deep Learning / Neural Network,Mobile,Context-driven,Full-interface,Accuracy metrics,Requires large labeled training data; State explosion and incomplete GUI coverage; Device and OS fragmentation,VLM-Fuzz: VLM-assisted GUI testing for Android apps (ESE)
S001,Unblind Your Apps: Predicting Natural-Language Labels for Mobile GUI Components by Deep Learning,2020,International Conference on Software Engineering,10.1145/3377811.3380327,Snowball,Testing,Mobile GUI component labeling,Deep Learning / Neural Network,Mobile,Context-driven; Ease of use,Full-interface,Accuracy metrics,Device fragmentation across manufacturers and OS versions,Snowball from 772; 636; 2794; 1779; 989; 2649; 2610; 2
S002,Screen Recognition: Creating Accessibility Metadata for Mobile Applications from Pixels,2021,International Conference on Human Factors in Computing Systems,10.1145/3411764.3445186,Snowball,Testing,Accessibility metadata from pixels,Deep Learning / Neural Network,Mobile,Context-driven,Full-interface,Accuracy metrics,Diverse accessibility needs across user populations; False negatives for non-obvious accessibility violations; Device and OS fragmentation,Snowball from 2610; 2892; 2552; 2685; 2365; 2290; 2782
S003,UI Test Migration Across Mobile Platforms,2021,International Conference on Automated Software Engineering,10.1109/ase51524.2021.9678643,Snowball,Testing,UI test migration across platforms,Deep Learning / Neural Network; Template Matching / Feature Matching,Mobile,Ease of use; Robustness,Full-interface,Accuracy metrics,"Requires large labeled training data; Generalization across platforms and screen resolutions; Sensitivity to resolution, scale, and visual changes",Snowball from 2926; 2892; 2552; 477; 2719; 2778; 2805
S004,Guided Bug Crush: Assist Manual GUI Testing of Android Apps via Hint Moves,2022,International Conference on Human Factors in Computing Systems,10.1145/3491102.3501903,Snowball,Testing,Visual hint-based bug crush for Android,Deep Learning / Neural Network,Mobile,Context-driven,Full-interface,Accuracy metrics,Requires large labeled training data; Device and OS fragmentation,Snowball from 2926; 2892; 2552; 2443; 2782; 2805
S006,Deep GUI: Black-box GUI Input Generation with Deep Learning,2021,International Conference on Automated Software Engineering,10.1109/ase51524.2021.9678778,Snowball,Testing,Black-box GUI input generation,Deep Learning / Neural Network,General,Context-driven; Ease of use,Full-interface,Accuracy metrics,Scalability to large and diverse application corpora; Limited ground truth data for evaluation,Snowball from 2926; 477; 299; 2805; 23
S007,GUIGAN: Learning to Generate GUI Designs Using Generative Adversarial Networks,2021,International Conference on Software Engineering,10.1109/icse43902.2021.00074,Snowball,Design,GAN-based GUI design generation,Deep Learning / Neural Network,General,Context-driven,Full-interface,Accuracy metrics,Scalability to large and diverse application corpora; Limited ground truth data for evaluation,Snowball from 989; 2649; 299; 1550; 2805
S008,Fill in the Blank: Context-aware Automated Text Input Generation for Mobile GUI Testing,2022,International Conference on Software Engineering,10.1109/icse48619.2023.00119,Snowball,Testing,Context-aware text input for GUI testing,Deep Learning / Neural Network,Mobile,Context-driven,Full-interface,Accuracy metrics,Requires large labeled training data; Device and OS fragmentation,Snowball from 2552; 2788; 2778; 2805
S009,Don’t Do That! Hunting Down Visual Design Smells in Complex UIs Against Design Guidelines,2021,International Conference on Software Engineering,10.1109/icse43902.2021.00075,Snowball,Design,Visual design smell detection,Deep Learning / Neural Network,General,Context-driven,Full-interface,Accuracy metrics,Subjectivity in design quality assessment,Snowball from 989; 2892; 2502; 2778
S010,Auto-Icon: An Automated Code Generation Tool for Icon Designs Assisting in UI Development,2021,International Conference on Intelligent User Interfaces,10.1145/3397481.3450671,Snowball,Development,Icon-to-code generation,Deep Learning / Neural Network,General,Context-driven,Localized,Accuracy metrics,Handling complex layout hierarchies and custom widgets; Generated code quality and maintainability,Snowball from 2649; 2610; 2892; 2552
S011,An empirical study of GUI widget detection for industrial mobile games,2021,ESEC/SIGSOFT FSE,10.1145/3468264.3473935,Snowball,Testing,GUI widget detection for mobile games,Deep Learning / Neural Network,Mobile; Game,Context-driven,Localized,Industrial evaluation,Device fragmentation across manufacturers and OS versions; High visual complexity and dynamic game states,Snowball from 2746; 2778; 1786; 2805
S013,Semantic GUI Scene Learning and Video Alignment for Detecting Duplicate Video-based Bug Reports,2024,International Conference on Software Engineering,10.1145/3597503.3639163,Snowball,Testing,Duplicate video bug report detection,Deep Learning / Neural Network; Other: Video analysis,General,Context-driven,Temporal,Accuracy metrics,Ambiguous or incomplete visual context in bug recordings; Mapping recorded actions to current GUI state; Distinguishing near-duplicate from genuinely different reports,Snowball from 2502; 2778; 1786
S014,On Using GUI Interaction Data to Improve Text Retrieval-Based Bug Localization,2023,International Conference on Software Engineering,10.1145/3597503.3608139,Snowball,Testing,GUI screenshot-based bug localization,Deep Learning / Neural Network,General,Context-driven,Localized; Full-interface,Accuracy metrics,Scalability to large and diverse application corpora; Limited ground truth data for evaluation,Snowball from 2502; 2778; 2805
S015,Make LLM a Testing Expert: Bringing Human-Like Interaction to Mobile GUI Testing via Functionality-Aware Decisions,2023,International Conference on Software Engineering,10.1145/3597503.3639180,Snowball,Testing,LLM + GUI screenshot mobile testing,Deep Learning / Neural Network,Mobile,Context-driven,Full-interface,Accuracy metrics,Requires large labeled training data; Device and OS fragmentation,Snowball from 2778; 2805; 23
S016,Towards Complete Icon Labeling in Mobile Applications,2022,International Conference on Human Factors in Computing Systems,10.1145/3491102.3502073,Snowball,Testing,Icon labeling in mobile apps,Deep Learning / Neural Network,Mobile,Context-driven,Localized,Accuracy metrics,Device fragmentation across manufacturers and OS versions,Snowball from 2610; 2502; 2805
S020,Widget Captioning: Generating Natural Language Description for Mobile User Interface Elements,2020,Conference on Empirical Methods in Natural Language Processing,10.18653/v1/2020.emnlp-main.443,Snowball,Development,Widget captioning from screenshots,Deep Learning / Neural Network,Mobile,Context-driven; Ease of use,Localized; Full-interface,Accuracy metrics,Device fragmentation across manufacturers and OS versions,Snowball from 2552; 2464; 1786
S021,Unlocking the conversion of Web Screenshots into HTML Code with the WebSight Dataset,2024,arXiv.org,10.48550/arxiv.2403.09029,Snowball,Development,Screenshot-to-HTML code generation,Deep Learning / Neural Network,Web,Context-driven,Full-interface,Accuracy metrics,Fragility to GUI evolution and app updates; Handling complex layout hierarchies and custom widgets; Generated code quality and maintainability,Snowball from 2523; 2290
S022,Comprehensive Semantic Repair of Obsolete GUI Test Scripts for Mobile Applications,2024,International Conference on Software Engineering,10.1145/3597503.3639108,Snowball,Testing,GUI test script semantic repair,Deep Learning / Neural Network; Template Matching / Feature Matching,Mobile,Context-driven; Robustness,Full-interface,Accuracy metrics,"Requires large labeled training data; Sensitivity to resolution, scale, and visual changes; High false positive rate with similar-looking widgets",Snowball from 2778; 2805
S023,Automated Mapping of Adaptive App GUIs from Phones to TVs,2023,ACM Transactions on Software Engineering and Methodology,10.1145/3631968,Snowball,Maintenance,GUI mapping phone-to-TV,Deep Learning / Neural Network,Mobile,Context-driven,Full-interface,Accuracy metrics,Device fragmentation across manufacturers and OS versions,Snowball from 2788; 2805
S025,Web pages from mockup design based on convolutional neural network and class activation mapping,2023,Multimedia tools and applications,10.1007/s11042-023-15108-3,Snowball,Development,CNN mockup-to-webpage generation,Deep Learning / Neural Network,Web,Context-driven,Full-interface,Accuracy metrics,Dynamic web content and cross-browser rendering differences,Snowball from 2523; 2290
S028,Learning to Denoise Raw Mobile UI Layouts for Improving Datasets at Scale,2022,International Conference on Human Factors in Computing Systems,10.1145/3491102.3502042,Snowball,Maintenance,UI layout denoising,Deep Learning / Neural Network,Mobile,Context-driven,Full-interface,Accuracy metrics,Device fragmentation across manufacturers and OS versions,Snowball from 2892; 2685
S029,An Empirical Investigation into the Use of Image Captioning for Automated Software Documentation,2022,"IEEE International Conference on Software Analysis, Evolution, and Reengineering",10.1109/saner53432.2022.00069,Snowball,Maintenance,Image captioning for software documentation,Deep Learning / Neural Network,General,Context-driven,Full-interface,Accuracy metrics,Scalability to large and diverse application corpora; Limited ground truth data for evaluation,Snowball from 2552; 2464
S030,NaviDroid: A Tool for Guiding Manual Android Testing via Hint Moves,2022,2022 IEEE/ACM 44th International Conference on Software Engineering: Companion Proceedings (ICSE-Companion),10.1145/3510454.3516848,Snowball,Testing,Visual hint-based Android testing,Deep Learning / Neural Network,Mobile,Context-driven,Full-interface,Accuracy metrics,Requires large labeled training data; Device and OS fragmentation,Snowball from 2443; 2805
S031,GUI Test Transfer from Web to Android,2022,International Conference on Information Control Systems & Technologies,10.1109/icst53961.2022.00011,Snowball,Testing,GUI test transfer web-to-Android,Template Matching / Feature Matching; Deep Learning / Neural Network,Mobile; Web,Context-driven,Full-interface,Accuracy metrics,"Requires large labeled training data; Sensitivity to resolution, scale, and visual changes; High false positive rate with similar-looking widgets",Snowball from 2719; 2805
S033,AccessiText: automated detection of text accessibility issues in Android apps,2022,ESEC/SIGSOFT FSE,10.1145/3540250.3549118,Snowball,Testing,Text accessibility issue detection,OCR; Deep Learning / Neural Network,Mobile,Context-driven,Full-interface,Accuracy metrics,"Low accuracy on stylized fonts, icons with embedded text; Language and locale variability; Diverse accessibility needs across user populations",Snowball from 2778; 2805
S034,Spotlight: Mobile UI Understanding using Vision-Language Models with a Focus,2022,International Conference on Learning Representations,10.48550/arxiv.2209.14927,Snowball,Maintenance,Mobile UI understanding via VLM,Deep Learning / Neural Network,Mobile,Context-driven,Full-interface,Accuracy metrics,Device fragmentation across manufacturers and OS versions,Snowball from 2464; 1786
S038,How Should I Improve the UI of My App?,2021,ACM Transactions on Software Engineering and Methodology,10.1145/3447808,Snowball,Design,UI improvement recommendation,Deep Learning / Neural Network,Mobile,Context-driven,Full-interface,Accuracy metrics,Device fragmentation across manufacturers and OS versions,Snowball from 2649; 2464
S039,Semantic Web Accessibility Testing via Hierarchical Visual Analysis,2021,International Conference on Software Engineering,10.1109/icse43902.2021.00143,Snowball,Testing,Web accessibility testing via CV,Deep Learning / Neural Network,Web,Context-driven,Full-interface,Accuracy metrics,Requires large labeled training data; Diverse accessibility needs across user populations; False negatives for non-obvious accessibility violations,Snowball from 2746; 2365
S041,VINS: Visual Search for Mobile User Interface Design,2021,International Conference on Human Factors in Computing Systems,10.1145/3411764.3445762,Snowball,Design,Visual UI design search,Representation Learning / Embedding,Mobile,Context-driven,Full-interface,Accuracy metrics,Device fragmentation across manufacturers and OS versions,Snowball from 2685; 2464
S042,Data-driven accessibility repair revisited: on the effectiveness of generating labels for icons in Android apps,2021,ESEC/SIGSOFT FSE,10.1145/3468264.3468604,Snowball,Testing,Icon label generation for accessibility,Deep Learning / Neural Network,Mobile,Context-driven; Robustness,Localized,Accuracy metrics,Requires large labeled training data; Diverse accessibility needs across user populations; False negatives for non-obvious accessibility violations,Snowball from 2365; 1786
S043,Mobile App Crowdsourced Test Report Consistency Detection via Deep Image-and-Text Fusion Understanding,2021,IEEE Transactions on Software Engineering,10.1109/tse.2023.3285787,Snowball,Testing,Test report consistency detection,Deep Learning / Neural Network; Other: Text+image fusion,Mobile,Context-driven,Full-interface,Accuracy metrics,Requires large labeled training data; Device and OS fragmentation,Snowball from 397; 2805
S044,Screen Parsing: Towards Reverse Engineering of UI Models from Screenshots,2021,ACM Symposium on User Interface Software and Technology,10.1145/3472749.3474763,Snowball,Maintenance,UI model reverse engineering from screenshots,Deep Learning / Neural Network,General,Context-driven,Full-interface,Accuracy metrics,Scalability to large and diverse application corpora; Limited ground truth data for evaluation,Snowball from 2523; 2290
S045,Code generation from a graphical user interface via attention-based encoder–decoder model,2021,Multimedia Systems,10.1007/s00530-021-00804-7,Snowball,Development,GUI-to-code via encoder-decoder,Deep Learning / Neural Network,General,Context-driven,Full-interface,Accuracy metrics,Handling complex layout hierarchies and custom widgets; Generated code quality and maintainability,Snowball from 2523; 2290
S049,"“From lost to found: Discover missing ui design semantics through recovering missing tags,”",2020,Proceedings of the ACM on Human-Computer Interaction,,Snowball,Maintenance,UI semantic recovery,Deep Learning / Neural Network,General,Context-driven,Full-interface,Accuracy metrics,Scalability to large and diverse application corpora; Limited ground truth data for evaluation,Snowball from 2892; 2552
S053,Deep learning-based prototyping of android GUI from hand-drawn mockups,2020,IET Software,10.1049/iet-sen.2019.0378,Snowball,Development,Sketch-to-GUI DL prototyping,Deep Learning / Neural Network,Mobile,Context-driven,Natural input,Accuracy metrics,Device fragmentation across manufacturers and OS versions,Snowball from 2523; 2805
S122,PSDoodle: Fast App Screen Search via Partial Screen Doodle,2022,International Conference on Mobile Software Engineering and Systems,10.1145/3524613.3527816,Snowball,Design,Doodle-based app screen search,Deep Learning / Neural Network,Mobile,Context-driven,Natural input,Accuracy metrics,Device fragmentation across manufacturers and OS versions,Snowball from 2464
S139,Understanding Screen Relationships from Screenshots of Smartphone Applications,2022,International Conference on Intelligent User Interfaces,10.1145/3490099.3511109,Snowball,Maintenance,Screen relationship understanding,Deep Learning / Neural Network,Mobile,Context-driven,Full-interface,Accuracy metrics,Device fragmentation across manufacturers and OS versions,Snowball from 2805
S140,GUI Element Detection from Mobile UI Images Using YOLOv5,2022,International Conference on Mobile Web Information Systems,10.1007/978-3-031-14391-5_3,Snowball,Testing,GUI element detection with YOLOv5,Deep Learning / Neural Network,Mobile; Web,Context-driven,Localized; Full-interface,Accuracy metrics,Device fragmentation across manufacturers and OS versions; Dynamic web content and cross-browser rendering differences,Snowball from 2805
S160,Mobile Application GUI Similarity Comparison Based on Perceptual Hash for Automated Robot Testing,2021,International Conference on Applied Algorithms,10.1109/icaa53760.2021.00052,Snowball,Testing,GUI similarity comparison,Image Differencing,Mobile,Context-driven,Full-interface,Accuracy metrics,"Distinguishing meaningful visual changes from cosmetic ones; Dynamic content (ads, animations) causes false positives; Device and OS fragmentation",Snowball from 397
S161,image2emmet: Automatic code generation from web user interface image,2021,J. Softw. Evol. Process.,10.1002/smr.2369,Snowball,Development,Web UI image to code generation,Deep Learning / Neural Network,Web,Context-driven,Full-interface,Accuracy metrics,Handling complex layout hierarchies and custom widgets; Generated code quality and maintainability; Dynamic web content and cross-browser rendering differences,Snowball from 2523
S170,Feature Matching-based Approaches to Improve the Robustness of Android Visual GUI Testing,2021,ACM Transactions on Software Engineering and Methodology,10.1145/3477427,Snowball,Testing,Feature matching for Android test robustness,Template Matching / Feature Matching,Mobile,Context-driven; Robustness,Full-interface,Accuracy metrics,"Sensitivity to resolution, scale, and visual changes; High false positive rate with similar-looking widgets; Device and OS fragmentation",Snowball from 2805
S173,GUI Widget Detection and Intent Generation via Image Understanding,2021,IEEE Access,10.1109/access.2021.3131753,Snowball,Testing,GUI widget detection and intent generation,Deep Learning / Neural Network,General,Context-driven,Localized; Full-interface,Accuracy metrics,Scalability to large and diverse application corpora; Limited ground truth data for evaluation,Snowball from 2805
S203,Automating GUI Testing with Image-Based Deep Reinforcement Learning,2020,International Conference on Autonomic Computing and Self-Organizing Systems,10.1109/acsos49614.2020.00038,Snowball,Testing,Image-based DRL GUI testing,Deep Learning / Neural Network,General,Context-driven,Full-interface,Accuracy metrics,Requires large labeled training data,Snowball from 2805
